NAME,ESSN
 Johnathan Mitchell,111111111
 Janice Thompson,222222222
 Robert Anderson,333333333
 Mary Johnson,444444444
 Christopher Harris,555555555
 Emily Robinson,666666666
 Alexander Simmons,777777777
 Sophia Mitchell,888888888
 Daniel Turner,999999999
 Jessica Parker,123456789
 Ryan Miller,234567890
 Olivia Anderson,345678901
 Ethan Turner,456789012
 Mia Davis,567890123
 William Jenkins,678901234
 Ava Roberts,789012345
 Nathan Brooks,890123456
 Isabella Foster,901234567
 Jacob Turner,112233445
 Sophie Carter,223344556
 Adrian Garcia,334455667
 Amelia Mitchell,445566778
 Logan Reynolds,556677889
 Harper Mitchell,667788990
 Evelyn Turner,778899001
 Wesley Cooper,889900112
 Penelope Harrison,990011223
 Gabriel Turner,123321456
 Nora Anderson,234432567
 Isaac Taylor,345543678
 Scarlett Turner,456654789
 Leonard Griffin,567765890
 Stella Bennett,678876001
 Miles Thompson,789987112
 Ellie Turner,890098223
 Aaron Harrison,900001234
 Aria Turner,101112345
 Amelia Turner,112223456
 Liam Turner,223334567
 Olivia Harris,334445678
 Ethan Turner,445556789
 Mia Turner,556667890
 Liam Turner,667778901
 Ava Turner,778889012
 Noah Turner,889900123