BNAME,CID
Main Bank                 , C001
Downtown Branch           , C002
Downtown Branch           , C003
Uptown Branch             , C004
Tech Park Branch          , C005
Financial District Branch , C006
Tech Center Branch         , C007
Downtown Branch           , C008
Suburb Branch             , C009
Midtown Branch            , C010
Downtown Branch           , C011
Westside Branch           , C012
Tech Center Branch         , C013
Downtown Branch           , C014
Suburb Branch             , C015
Tech Park Branch          , C016
Main Bank                 , C017
Downtown Branch           , C018
Tech Park Branch          , C019
Downtown Branch           , C020
Suburb Branch             , C021
Midtown Branch            , C022
Downtown Branch           , C023
Westside Branch           , C024
Tech Center Branch         , C025
Downtown Branch           , C026
Tech Park Branch          , C027
Tech Center Branch         , C028
Downtown Branch           , C029
Suburb Branch             , C030
Midtown Branch            , C031
Downtown Branch           , C032
Tech Park Branch          , C033
Financial District Branch , C034
Tech Center Branch         , C035
Downtown Branch           , C036
Midtown Branch            , C037
Suburb Branch             , C038
Tech Park Branch          , C039
Tech Center Branch         , C040
Downtown Branch           , C041
Suburb Branch             , C042
Tech Park Branch          , C043
Financial District Branch , C044
Tech Center Branch         , C045
Downtown Branch           , C046
Midtown Branch            , C047
Westside Branch           , C048
Tech Park Branch          , C049
Downtown Branch           , C050
Financial District Branch , C051
Tech Center Branch         , C052
Downtown Branch           , C053
Midtown Branch            , C054
Suburb Branch             , C055
Tech Park Branch          , C056
Downtown Branch           , C057
Financial District Branch , C058
Tech Center Branch         , C059
Midtown Branch            , C060
Downtown Branch           , C061
Tech Park Branch          , C062
Suburb Branch             , C063
Tech Center Branch         , C064
Downtown Branch           , C065
Midtown Branch            , C066
Westside Branch           , C067
Tech Park Branch          , C068
Downtown Branch           , C069
Financial District Branch , C070
Main Bank                 , C071
Downtown Branch           , C072
Uptown Branch             , C073
Tech Park Branch          , C074
Financial District Branch , C075
Tech Center Branch         , C076
Downtown Branch           , C077
Suburb Branch             , C078
Midtown Branch            , C079
Downtown Branch           , C080
Westside Branch            , C081
Main Bank                 , C082
Downtown Branch           , C083
Uptown Branch             , C084
Tech Park Branch          , C085
Financial District Branch , C086
Tech Center Branch         , C087
Downtown Branch           , C088
Suburb Branch             , C089
Midtown Branch            , C090
Downtown Branch           , C091
Westside Branch            , C092
Main Bank                 , C093
Downtown Branch           , C094
Uptown Branch             , C095
Tech Park Branch          , C096
Financial District Branch , C097
Tech Center Branch         , C098
Downtown Branch           , C099
Suburb Branch             , C100
Midtown Branch            , C101
Downtown Branch           , C102
Westside Branch            , C103
Main Bank                 , C104
Downtown Branch           , C105
Uptown Branch             , C106
Tech Park Branch          , C107
Financial District Branch , C108
Tech Center Branch         , C109
Downtown Branch           , C110
Suburb Branch             , C111
Midtown Branch            , C112
Downtown Branch           , C113
Westside Branch            , C114
Main Bank                 , C115
Downtown Branch           , C116
Uptown Branch             , C117
Tech Park Branch          , C118
Financial District Branch , C119
Tech Center Branch         , C120
Downtown Branch           , C121
Suburb Branch             , C122
Midtown Branch            , C123
Downtown Branch           , C124